order_id,order_date,order_total_value,customer_id,customer_name,registration_date,product_id,product_name,category,unit_price,item_quantity,is_vip,total_item_price,total_order_value_percentage
3,2023-09-06 00:42:50,0.0,1,Customer 1,2022-12-31 04:19:19,1,Item 1 for Order 3,Misc,377.96,1,True,377.96,1.0
5,2024-08-28 19:37:56,-57.16578609017987,2,Customer 2,2022-05-27 00:23:28,1,Item 1 for Order 5,Misc,342.68,2,False,685.36,0.30523254519299714
5,2024-08-28 19:37:56,-57.16578609017987,2,Customer 2,2022-05-27 00:23:28,2,Item 2 for Order 5,Misc,134.09,0,False,0.0,0.0
5,2024-08-28 19:37:56,-57.16578609017987,2,Customer 2,2022-05-27 00:23:28,3,Item 3 for Order 5,Misc,295.97,1,False,295.97,0.13181346504139632
5,2024-08-28 19:37:56,-57.16578609017987,2,Customer 2,2022-05-27 00:23:28,4,Item 4 for Order 5,Misc,316.01,4,False,1264.04,0.5629539897656066
6,2024-08-19 12:44:15,2053.53,2,Customer 2,2022-05-27 00:23:28,1,Item 1 for Order 6,Misc,404.43,4,False,1617.72,0.7877751968561452
6,2024-08-19 12:44:15,2053.53,2,Customer 2,2022-05-27 00:23:28,2,Item 2 for Order 6,Misc,145.27,3,False,435.81000000000006,0.21222480314385472
7,2023-10-21 05:21:52,2598.24,3,Customer 3,2022-01-20 00:24:36,1,Item 1 for Order 7,Misc,180.68,3,False,542.04,0.1082893149108577
7,2025-03-19 19:55:40,0.0,3,Customer 3,2022-01-20 00:24:36,1,Item 1 for Order 7,Misc,180.68,3,False,542.04,0.1082893149108577
7,2023-10-21 05:21:52,2598.24,3,Customer 3,2022-01-20 00:24:36,2,Item 2 for Order 7,Misc,390.37,2,False,780.74,0.15597704915412708
7,2025-03-19 19:55:40,0.0,3,Customer 3,2022-01-20 00:24:36,2,Item 2 for Order 7,Misc,390.37,2,False,780.74,0.15597704915412708
7,2023-10-21 05:21:52,2598.24,3,Customer 3,2022-01-20 00:24:36,4,Item 4 for Order 7,Misc,393.32,3,False,1179.96,0.23573363593501526
7,2025-03-19 19:55:40,0.0,3,Customer 3,2022-01-20 00:24:36,4,Item 4 for Order 7,Misc,393.32,3,False,1179.96,0.23573363593501526
10,2025-02-16 23:36:58,446.96999999999997,4,Customer 4,2022-05-09 03:51:05,1,Item 1 for Order 10,Misc,140.12,1,True,140.12,0.3134886010246773
10,2025-02-16 23:36:58,446.96999999999997,4,Customer 4,2022-05-09 03:51:05,2,Item 2 for Order 10,Misc,61.37,5,True,306.84999999999997,0.6865113989753227
13,2025-01-16 09:12:03,4552.68,7,Customer 7,2022-05-05 12:49:27,1,Item 1 for Order 13,Misc,10.39,3,False,31.17,0.006846516776931389
13,2025-01-16 09:12:03,4552.68,7,Customer 7,2022-05-05 12:49:27,2,Item 2 for Order 13,Misc,88.83,2,False,177.66,0.03902316877092174
13,2025-01-16 09:12:03,4552.68,7,Customer 7,2022-05-05 12:49:27,3,Item 3 for Order 13,Misc,479.75,5,False,2398.75,0.5268874596940702
13,2025-01-16 09:12:03,4552.68,7,Customer 7,2022-05-05 12:49:27,4,Item 4 for Order 13,Misc,389.02,5,False,1945.1,0.4272428547580765
14,2023-02-10 15:29:15,1718.1999999999998,8,Customer 8,2022-01-15 19:06:56,1,Item 1 for Order 14,Misc,343.64,5,True,1718.1999999999998,1.0
15,2023-08-20 02:36:30,2066.44,8,Customer 8,2022-01-15 19:06:56,2,Item 2 for Order 15,Misc,326.56,3,True,979.6800000000001,1.0
15,2023-08-20 02:36:30,2066.44,8,Customer 8,2022-01-15 19:06:56,3,Item 3 for Order 15,Misc,,4,True,,
16,2023-11-12 16:01:13,2516.7999999999997,9,Customer 9,2022-01-18 20:53:36,1,Item 1 for Order 16,Misc,455.9,1,False,455.9,0.18114272091544817
16,2023-11-12 16:01:13,2516.7999999999997,9,Customer 9,2022-01-18 20:53:36,2,Item 2 for Order 16,Misc,469.09,4,False,1876.36,0.7455340114431023
16,2023-11-12 16:01:13,2516.7999999999997,9,Customer 9,2022-01-18 20:53:36,3,Item 3 for Order 16,Misc,16.97,5,False,84.85,0.03371344564526382
16,2023-11-12 16:01:13,2516.7999999999997,9,Customer 9,2022-01-18 20:53:36,4,Item 4 for Order 16,Misc,99.69,1,False,99.69,0.03960982199618563
17,2024-12-06 14:20:30,0.0,9,Customer 9,2022-01-18 20:53:36,1,Item 1 for Order 17,Misc,349.27,1,False,349.27,1.0
18,2025-01-03 16:45:51,565.42,9,Customer 9,2022-01-18 20:53:36,1,Item 1 for Order 18,Misc,466.33,1,False,466.33,0.8247497435534648
18,2025-01-03 16:45:51,565.42,9,Customer 9,2022-01-18 20:53:36,2,Item 2 for Order 18,Misc,33.03,3,False,99.09,0.17525025644653533
19,2025-03-31 16:55:58,724.5,9,Customer 9,2022-01-18 20:53:36,1,Item 1 for Order 19,Misc,362.25,2,False,724.5,1.0
20,2025-05-30 19:26:40,,10,Customer 10,2024-04-06 17:57:38,1,Item 1 for Order 20,Misc,342.76,2,False,685.52,1.0
21,2025-03-25 10:08:03,3488.4800000000005,10,Customer 10,2024-04-06 17:57:38,1,Item 1 for Order 21,Misc,447.97,5,False,2239.8500000000004,0.642070471953401
21,2025-03-25 10:08:03,3488.4800000000005,10,Customer 10,2024-04-06 17:57:38,2,Item 2 for Order 21,Misc,416.21,3,False,1248.6299999999999,0.357929528046599
22,2025-04-19 18:17:21,499.76,12,Customer 12,,1,Item 1 for Order 22,Misc,46.84,1,False,46.84,0.09372498799423724
22,2025-04-19 18:17:21,499.76,12,Customer 12,,2,Item 2 for Order 22,Misc,47.13,4,False,188.52,0.37722106611173367
22,2025-04-19 18:17:21,499.76,12,Customer 12,,3,Item 3 for Order 22,Misc,264.4,1,False,264.4,0.5290539458940291
23,2024-07-13 20:31:44,860.8,12,Customer 12,,1,Item 1 for Order 23,Misc,172.16,5,False,860.8,1.0
25,2024-11-13 16:17:30,743.19,13,Customer 13,2023-10-30 07:34:32,2,Item 2 for Order 25,Misc,382.92,1,False,382.92,1.0
27,2025-05-26 05:06:38,2576.9700000000003,14,Customer 14,2023-04-28 01:20:45,1,Item 1 for Order 27,Misc,294.93,2,False,589.86,0.16871943022224764
27,2024-03-17 05:41:44,0.0,14,Customer 14,2023-04-28 01:20:45,1,Item 1 for Order 27,Misc,294.93,2,False,589.86,0.16871943022224764
27,2025-05-26 05:06:38,2576.9700000000003,14,Customer 14,2023-04-28 01:20:45,3,Item 3 for Order 27,Misc,18.35,5,False,91.75,0.026243528503189267
27,2024-03-17 05:41:44,0.0,14,Customer 14,2023-04-28 01:20:45,3,Item 3 for Order 27,Misc,18.35,5,False,91.75,0.026243528503189267
27,2025-05-26 05:06:38,2576.9700000000003,14,Customer 14,2023-04-28 01:20:45,4,Item 4 for Order 27,Misc,46.24,1,False,46.24,0.013226166299590973
27,2024-03-17 05:41:44,0.0,14,Customer 14,2023-04-28 01:20:45,4,Item 4 for Order 27,Misc,46.24,1,False,46.24,0.013226166299590973
27,2025-05-26 05:06:38,2576.9700000000003,14,Customer 14,2023-04-28 01:20:45,5,Item 5 for Order 27,Misc,255.05,4,False,1020.2,0.2918108749749721
27,2024-03-17 05:41:44,0.0,14,Customer 14,2023-04-28 01:20:45,5,Item 5 for Order 27,Misc,255.05,4,False,1020.2,0.2918108749749721
30,2024-10-08 00:29:36,755.83,16,Customer 16,2022-09-22 19:35:51,1,Item 1 for Order 30,Misc,93.46,3,False,280.38,0.37095643200190515
30,2024-10-08 00:29:36,755.83,16,Customer 16,2022-09-22 19:35:51,2,Item 2 for Order 30,Misc,90.41,0,False,0.0,0.0
30,2024-10-08 00:29:36,755.83,16,Customer 16,2022-09-22 19:35:51,3,Item 3 for Order 30,Misc,95.09,5,False,475.45000000000005,0.6290435679980948
31,2022-09-25 13:20:07,1449.39,16,Customer 16,2022-09-22 19:35:51,1,Item 1 for Order 31,Misc,30.93,1,False,30.93,0.021340012005050403
31,2022-09-25 13:20:07,1449.39,16,Customer 16,2022-09-22 19:35:51,2,Item 2 for Order 31,Misc,185.62,5,False,928.1,0.6403383492365755
31,2022-09-25 13:20:07,1449.39,16,Customer 16,2022-09-22 19:35:51,3,Item 3 for Order 31,Misc,120.9,1,False,120.9,0.08341440192080808
31,2022-09-25 13:20:07,1449.39,16,Customer 16,2022-09-22 19:35:51,4,Item 4 for Order 31,Misc,184.73,2,False,369.46,0.25490723683756616
31,2022-09-25 13:20:07,1449.39,16,Customer 16,2022-09-22 19:35:51,5,Item 5 for Order 31,Misc,,3,False,,
32,2023-05-17 05:41:03,5731.52,17,Customer 17,2022-07-15 23:17:14,2,Item 2 for Order 32,Misc,360.82,5,True,1804.1,0.40257149487664673
32,2023-05-17 05:41:03,5731.52,17,Customer 17,2022-07-15 23:17:14,3,Item 3 for Order 32,Misc,372.73,2,True,745.46,0.16634385376129102
32,2023-05-17 05:41:03,5731.52,17,Customer 17,2022-07-15 23:17:14,4,Item 4 for Order 32,Misc,482.97,4,True,1931.88,0.43108465136206214
33,2024-02-18 18:51:35,1999.49,17,Customer 17,2022-07-15 23:17:14,1,Item 1 for Order 33,Misc,167.32,1,True,167.32,0.08720942353799646
33,2024-02-18 18:51:35,1999.49,17,Customer 17,2022-07-15 23:17:14,2,Item 2 for Order 33,Misc,314.34,3,True,943.02,0.4915146460961118
33,2024-02-18 18:51:35,1999.49,17,Customer 17,2022-07-15 23:17:14,3,Item 3 for Order 33,Misc,,5,True,,
33,2024-02-18 18:51:35,1999.49,17,Customer 17,2022-07-15 23:17:14,5,Item 5 for Order 33,Misc,269.42,3,True,808.26,0.42127593036589184
34,2024-07-04 01:52:04,3416.92,17,Customer 17,2022-07-15 23:17:14,1,Item 1 for Order 34,Misc,168.54,1,True,168.54,0.04932512321037659
34,2024-07-04 01:52:04,3416.92,17,Customer 17,2022-07-15 23:17:14,2,Item 2 for Order 34,Misc,267.12,4,True,1068.48,0.312702667899746
34,2024-07-04 01:52:04,3416.92,17,Customer 17,2022-07-15 23:17:14,3,Item 3 for Order 34,Misc,398.3,3,True,1194.9,0.3497009002259345
34,2024-07-04 01:52:04,3416.92,17,Customer 17,2022-07-15 23:17:14,4,Item 4 for Order 34,Misc,492.5,2,True,985.0,0.28827130866394296
36,2024-03-15 22:05:36,1326.59,18,Customer 18,2023-12-07 02:31:09,1,Item 1 for Order 36,Misc,27.3,2,False,54.6,0.03440930689824676
36,2024-03-15 22:05:36,1326.59,18,Customer 18,2023-12-07 02:31:09,2,Item 2 for Order 36,Misc,217.33,5,False,1086.65,0.684814530054576
36,2024-03-15 22:05:36,1326.59,18,Customer 18,2023-12-07 02:31:09,3,Item 3 for Order 36,Misc,86.73,3,False,260.19,0.16397358171895285
36,2024-03-15 22:05:36,1326.59,18,Customer 18,2023-12-07 02:31:09,4,Item 4 for Order 36,Misc,185.34,1,False,185.34,0.11680258132822446
37,2024-01-13 01:55:27,1881.77,18,Customer 18,2023-12-07 02:31:09,1,Item 1 for Order 37,Misc,417.11,2,False,834.22,0.4433166646295775
37,2024-01-13 01:55:27,1881.77,18,Customer 18,2023-12-07 02:31:09,2,Item 2 for Order 37,Misc,404.08,0,False,0.0,0.0
37,2024-01-13 01:55:27,1881.77,18,Customer 18,2023-12-07 02:31:09,3,Item 3 for Order 37,Misc,175.25,3,False,525.75,0.2793912114658008
37,2024-01-13 01:55:27,1881.77,18,Customer 18,2023-12-07 02:31:09,4,Item 4 for Order 37,Misc,130.45,4,False,521.8,0.2772921239046217
37,2024-01-13 01:55:27,1881.77,18,Customer 18,2023-12-07 02:31:09,5,Item 5 for Order 37,Misc,,3,False,,
38,2024-03-27 02:25:19,-95.20572527512407,18,Customer 18,2023-12-07 02:31:09,1,Item 1 for Order 38,Misc,397.95,4,False,1591.8,0.5321432153244409
38,2024-03-27 02:25:19,-95.20572527512407,18,Customer 18,2023-12-07 02:31:09,2,Item 2 for Order 38,Misc,219.48,2,False,438.96,0.14674556213017753
38,2024-03-27 02:25:19,-95.20572527512407,18,Customer 18,2023-12-07 02:31:09,3,Item 3 for Order 38,Misc,263.83,2,False,527.66,0.17639822150904289
38,2024-03-27 02:25:19,-95.20572527512407,18,Customer 18,2023-12-07 02:31:09,4,Item 4 for Order 38,Misc,432.88,1,False,432.88,0.14471300103633872
41,2024-09-18 02:12:44,498.63,20,Customer 20,2022-11-11 15:05:46,1,Item 1 for Order 41,Misc,146.49,1,False,146.49,1.0
42,2024-12-06 11:58:26,3466.8199999999997,21,Customer 21,2024-02-01 12:36:34,2,Item 2 for Order 42,Misc,410.04,1,False,410.04,0.09897653760741527
42,2025-06-07 20:55:09,0.0,21,Customer 21,2024-02-01 12:36:34,2,Item 2 for Order 42,Misc,410.04,1,False,410.04,0.09897653760741527
42,2024-12-06 11:58:26,3466.8199999999997,21,Customer 21,2024-02-01 12:36:34,3,Item 3 for Order 42,Misc,102.67,2,False,205.34,0.04956551124843101
42,2025-06-07 20:55:09,0.0,21,Customer 21,2024-02-01 12:36:34,3,Item 3 for Order 42,Misc,102.67,2,False,205.34,0.04956551124843101
42,2024-12-06 11:58:26,3466.8199999999997,21,Customer 21,2024-02-01 12:36:34,4,Item 4 for Order 42,Misc,393.28,3,False,1179.84,0.2847928936950854
42,2025-06-07 20:55:09,0.0,21,Customer 21,2024-02-01 12:36:34,4,Item 4 for Order 42,Misc,393.28,3,False,1179.84,0.2847928936950854
42,2024-12-06 11:58:26,3466.8199999999997,21,Customer 21,2024-02-01 12:36:34,5,   ,Misc,92.06,3,False,276.18,0.06666505744906827
42,2025-06-07 20:55:09,0.0,21,Customer 21,2024-02-01 12:36:34,5,   ,Misc,92.06,3,False,276.18,0.06666505744906827
44,2024-09-27 21:48:09,1413.3899999999999,21,Customer 21,2024-02-01 12:36:34,1,Item 1 for Order 44,Misc,471.13,3,False,1413.3899999999999,1.0
46,,708.56,22,Customer 22,,1,Item 1 for Order 46,Misc,177.14,4,False,708.56,1.0
47,2025-01-25 05:23:37,318.81,22,Customer 22,,1,Item 1 for Order 47,Misc,85.17,1,False,85.17,1.0
48,2025-02-28 17:05:51,1357.51,22,Customer 22,,1,Item 1 for Order 48,Misc,279.27,4,False,1117.08,1.0
50,2024-03-11 23:16:47,2437.2,24,Customer 24,2024-01-09 15:14:20,1,Item 1 for Order 50,Misc,149.71,4,False,598.84,0.24570818972591502
50,2024-03-11 23:16:47,2437.2,24,Customer 24,2024-01-09 15:14:20,2,,Misc,286.85,2,False,573.7,0.23539307401936652
50,2024-03-11 23:16:47,2437.2,24,Customer 24,2024-01-09 15:14:20,3,Item 3 for Order 50,Misc,64.47,2,False,128.94,0.05290497291974397
50,2024-03-11 23:16:47,2437.2,24,Customer 24,2024-01-09 15:14:20,4,Item 4 for Order 50,Misc,283.93,4,False,1135.72,0.4659937633349746
52,,2100.12,26,Customer 26,2023-11-07 03:45:18,1,Item 1 for Order 52,Misc,493.25,1,False,493.25,0.2348675313791593
52,,2100.12,26,Customer 26,2023-11-07 03:45:18,2,Item 2 for Order 52,Misc,236.33,4,False,945.32,0.45012665942898505
52,,2100.12,26,Customer 26,2023-11-07 03:45:18,3,Item 3 for Order 52,Misc,132.31,5,False,661.55,0.3150058091918557
53,2022-09-07 18:34:43,1041.6299999999999,27,Customer 27,2022-03-04 08:57:45,1,Item 1 for Order 53,Misc,71.47,1,False,71.47,0.0343068075996275
53,2024-03-21 23:49:18,0.0,27,Customer 27,2022-03-04 08:57:45,1,Item 1 for Order 53,Misc,71.47,1,False,71.47,0.0343068075996275
53,2022-09-07 18:34:43,1041.6299999999999,27,Customer 27,2022-03-04 08:57:45,2,Item 2 for Order 53,Misc,485.08,2,False,970.16,0.46569319240037244
53,2024-03-21 23:49:18,0.0,27,Customer 27,2022-03-04 08:57:45,2,Item 2 for Order 53,Misc,485.08,2,False,970.16,0.46569319240037244
55,2022-09-02 14:36:25,3015.26,27,Customer 27,2022-03-04 08:57:45,1,Item 1 for Order 55,Misc,122.6,1,False,122.6,0.04065984359557716
55,2022-09-02 14:36:25,3015.26,27,Customer 27,2022-03-04 08:57:45,2,Item 2 for Order 55,Misc,212.49,4,False,849.96,0.281886139172078
55,2022-09-02 14:36:25,3015.26,27,Customer 27,2022-03-04 08:57:45,3,Item 3 for Order 55,Misc,408.54,5,False,2042.7,0.6774540172323448
57,2024-08-28 06:03:00,3146.1800000000003,28,Customer 28,2022-12-14 20:48:48,2,Item 2 for Order 57,Misc,111.98,2,False,223.96,0.1301699486201846
57,2024-08-28 06:03:00,3146.1800000000003,28,Customer 28,2022-12-14 20:48:48,3,Item 3 for Order 57,Misc,145.15,4,False,580.6,0.3374561179178388
57,2024-08-28 06:03:00,3146.1800000000003,28,Customer 28,2022-12-14 20:48:48,4,Item 4 for Order 57,Misc,457.98,2,False,915.96,0.5323739334619766
58,2024-05-11 05:12:07,729.99,28,Customer 28,2022-12-14 20:48:48,1,Item 1 for Order 58,Misc,126.61,3,False,379.83,0.5203221961944684
58,2024-05-11 05:12:07,729.99,28,Customer 28,2022-12-14 20:48:48,2,Item 2 for Order 58,Misc,350.16,1,False,350.16,0.4796778038055316
59,,368.44,29,Customer 29,2022-01-15 22:43:18,1,Item 1 for Order 59,Misc,368.44,1,False,368.44,1.0
61,2024-03-02 19:32:42,2514.48,30,Customer 30,2023-12-02 08:35:54,1,Item 1 for Order 61,Misc,134.12,5,False,670.6,0.26669530081766407
61,2024-03-02 19:32:42,2514.48,30,Customer 30,2023-12-02 08:35:54,2,Item 2 for Order 61,Misc,14.4,5,False,72.0,0.028634150997422926
61,2024-03-02 19:32:42,2514.48,30,Customer 30,2023-12-02 08:35:54,3,Item 3 for Order 61,Misc,,5,False,,
61,2024-03-02 19:32:42,2514.48,30,Customer 30,2023-12-02 08:35:54,4,Item 4 for Order 61,Misc,442.97,4,False,1771.88,0.704670548184913
61,2024-03-02 19:32:42,2514.48,30,Customer 30,2023-12-02 08:35:54,5,Item 5 for Order 61,Misc,184.5,0,False,0.0,0.0
62,2024-07-19 20:14:13,1771.72,32,Customer 32,2024-04-21 10:31:56,1,Item 1 for Order 62,Misc,205.94,2,False,411.88,0.2324746573950737
62,2024-07-19 20:14:13,1771.72,32,Customer 32,2024-04-21 10:31:56,2,Item 2 for Order 62,Misc,435.42,2,False,870.84,0.49152236245004854
62,2024-07-19 20:14:13,1771.72,32,Customer 32,2024-04-21 10:31:56,3,Item 3 for Order 62,Misc,97.8,5,False,489.0,0.27600298015487773
63,2024-05-16 13:52:48,713.4300000000001,33,Customer 33,2024-03-21 23:09:37,1,Item 1 for Order 63,Misc,237.81,3,False,713.4300000000001,0.5
63,2024-04-29 16:36:42,-55.440950310344924,33,Customer 33,2024-03-21 23:09:37,1,Item 1 for Order 63,Misc,237.81,3,False,713.4300000000001,0.5
65,2024-11-15 16:58:40,515.64,33,Customer 33,2024-03-21 23:09:37,1,Item 1 for Order 65,Misc,128.91,4,False,515.64,1.0
66,2025-01-10 19:17:39,567.87,35,Customer 35,2023-11-21 20:06:46,1,Item 1 for Order 66,Misc,206.04,1,True,206.04,0.36282952084103753
66,2025-01-10 19:17:39,567.87,35,Customer 35,2023-11-21 20:06:46,2,Item 2 for Order 66,Misc,,2,True,,
66,2025-01-10 19:17:39,567.87,35,Customer 35,2023-11-21 20:06:46,3,Item 3 for Order 66,Misc,81.96,2,True,163.92,0.2886576152992762
66,2025-01-10 19:17:39,567.87,35,Customer 35,2023-11-21 20:06:46,4,Item 4 for Order 66,Misc,197.91,1,True,197.91,0.34851286385968616
67,2024-04-29 14:10:06,1434.92,35,Customer 35,2023-11-21 20:06:46,1,Item 1 for Order 67,Misc,358.73,4,True,1434.92,1.0
68,2024-07-30 22:45:06,2380.1,35,Customer 35,2023-11-21 20:06:46,1,Item 1 for Order 68,Misc,476.02,5,True,2380.1,1.0
69,2024-05-19 09:14:46,340.13,35,Customer 35,2023-11-21 20:06:46,1,Item 1 for Order 69,Misc,340.13,1,True,340.13,1.0
70,2025-03-11 16:22:57,2183.04,36,Customer 36,2022-06-12 15:22:19,2,Item 2 for Order 70,Misc,69.45,0,False,0.0,0.0
70,,0.0,36,Customer 36,2022-06-12 15:22:19,2,Item 2 for Order 70,Misc,69.45,0,False,0.0,0.0
70,2023-11-18 00:06:53,0.0,36,Customer 36,2022-06-12 15:22:19,2,Item 2 for Order 70,Misc,69.45,0,False,0.0,0.0
70,2025-03-11 16:22:57,2183.04,36,Customer 36,2022-06-12 15:22:19,3,Item 3 for Order 70,Misc,5.99,5,False,29.950000000000003,0.0058336011530857705
70,,0.0,36,Customer 36,2022-06-12 15:22:19,3,Item 3 for Order 70,Misc,5.99,5,False,29.950000000000003,0.0058336011530857705
70,2023-11-18 00:06:53,0.0,36,Customer 36,2022-06-12 15:22:19,3,Item 3 for Order 70,Misc,5.99,5,False,29.950000000000003,0.0058336011530857705
70,2025-03-11 16:22:57,2183.04,36,Customer 36,2022-06-12 15:22:19,4,Item 4 for Order 70,Misc,426.04,3,False,1278.1200000000001,0.2489496596254419
70,,0.0,36,Customer 36,2022-06-12 15:22:19,4,Item 4 for Order 70,Misc,426.04,3,False,1278.1200000000001,0.2489496596254419
70,2023-11-18 00:06:53,0.0,36,Customer 36,2022-06-12 15:22:19,4,Item 4 for Order 70,Misc,426.04,3,False,1278.1200000000001,0.2489496596254419
70,2025-03-11 16:22:57,2183.04,36,Customer 36,2022-06-12 15:22:19,5,Item 5 for Order 70,Misc,201.64,2,False,403.28,0.07855007255480566
70,,0.0,36,Customer 36,2022-06-12 15:22:19,5,Item 5 for Order 70,Misc,201.64,2,False,403.28,0.07855007255480566
70,2023-11-18 00:06:53,0.0,36,Customer 36,2022-06-12 15:22:19,5,Item 5 for Order 70,Misc,201.64,2,False,403.28,0.07855007255480566
75,2025-01-25 19:34:04,641.48,37,Customer 37,2023-01-26 22:48:58,1,Item 1 for Order 75,Misc,160.37,4,True,641.48,1.0
76,2025-06-04 22:19:31,4704.16,38,Customer 38,2022-08-17 07:14:03,1,Item 1 for Order 76,Misc,439.51,4,False,1758.04,0.373720281623074
76,2025-06-04 22:19:31,4704.16,38,Customer 38,2022-08-17 07:14:03,2,Item 2 for Order 76,Misc,404.6,4,False,1618.4,0.34403591714567533
76,2025-06-04 22:19:31,4704.16,38,Customer 38,2022-08-17 07:14:03,3,Item 3 for Order 76,Misc,309.78,2,False,619.56,0.1317047039216353
76,2025-06-04 22:19:31,4704.16,38,Customer 38,2022-08-17 07:14:03,4,Item 4 for Order 76,Misc,354.08,2,False,708.16,0.15053909730961532
77,2023-07-18 20:24:00,751.21,38,Customer 38,2022-08-17 07:14:03,1,Item 1 for Order 77,Misc,382.35,0,False,0.0,0.0
77,2025-04-14 05:35:05,0.0,38,Customer 38,2022-08-17 07:14:03,1,Item 1 for Order 77,Misc,382.35,0,False,0.0,0.0
77,2023-03-29 21:34:15,0.0,38,Customer 38,2022-08-17 07:14:03,1,Item 1 for Order 77,Misc,382.35,0,False,0.0,0.0
77,2023-07-18 20:24:00,751.21,38,Customer 38,2022-08-17 07:14:03,2,Item 2 for Order 77,Misc,224.32,3,False,672.96,0.2986115733283636
77,2025-04-14 05:35:05,0.0,38,Customer 38,2022-08-17 07:14:03,2,Item 2 for Order 77,Misc,224.32,3,False,672.96,0.2986115733283636
77,2023-03-29 21:34:15,0.0,38,Customer 38,2022-08-17 07:14:03,2,Item 2 for Order 77,Misc,224.32,3,False,672.96,0.2986115733283636
77,2023-07-18 20:24:00,751.21,38,Customer 38,2022-08-17 07:14:03,3,Item 3 for Order 77,Misc,78.25,1,False,78.25,0.03472176000496976
77,2025-04-14 05:35:05,0.0,38,Customer 38,2022-08-17 07:14:03,3,Item 3 for Order 77,Misc,78.25,1,False,78.25,0.03472176000496976
77,2023-03-29 21:34:15,0.0,38,Customer 38,2022-08-17 07:14:03,3,Item 3 for Order 77,Misc,78.25,1,False,78.25,0.03472176000496976
80,2023-02-08 17:31:01,1935.5800000000002,39,Customer 39,2022-09-25 19:50:17,1,Item 1 for Order 80,Misc,363.75,2,False,727.5,0.22163120567375882
80,2023-02-08 17:31:01,1935.5800000000002,39,Customer 39,2022-09-25 19:50:17,2,Item 2 for Order 80,Misc,486.38,1,False,486.38,0.14817455094928222
80,2023-02-08 17:31:01,1935.5800000000002,39,Customer 39,2022-09-25 19:50:17,3,Item 3 for Order 80,Misc,327.13,5,False,1635.65,0.4982970193268504
80,2023-02-08 17:31:01,1935.5800000000002,39,Customer 39,2022-09-25 19:50:17,5,Item 5 for Order 80,Misc,86.59,5,False,432.95000000000005,0.13189722405010845
84,2023-02-08 23:44:34,6377.84,41,Customer 41,,1,Item 1 for Order 84,Misc,374.01,5,False,1870.05,0.29321055404337515
84,2023-02-08 23:44:34,6377.84,41,Customer 41,,2,Item 2 for Order 84,Misc,202.22,3,False,606.66,0.09511997792356032
84,2023-02-08 23:44:34,6377.84,41,Customer 41,,3,,Misc,403.57,3,False,1210.71,0.18983072639012583
84,2023-02-08 23:44:34,6377.84,41,Customer 41,,4,Item 4 for Order 84,Misc,397.38,4,False,1589.52,0.2492254430967224
84,2023-02-08 23:44:34,6377.84,41,Customer 41,,5,Item 5 for Order 84,Misc,220.18,5,False,1100.9,0.1726132985462163
86,2024-07-02 14:20:07,1309.38,42,Customer 42,2024-04-29 09:54:31,1,Item 1 for Order 86,Misc,148.92,3,False,446.76,0.34119965174357325
86,2024-07-02 14:20:07,1309.38,42,Customer 42,2024-04-29 09:54:31,2,Item 2 for Order 86,Misc,287.54,3,False,862.6200000000001,0.6588003482564267
87,2024-07-10 16:19:30,2897.94,42,Customer 42,2024-04-29 09:54:31,1,Item 1 for Order 87,Misc,314.64,4,False,1258.56,0.9610996563573883
87,2024-07-10 16:19:30,2897.94,42,Customer 42,2024-04-29 09:54:31,3,Item 3 for Order 87,Misc,16.98,3,False,50.94,0.03890034364261168
90,2024-12-15 05:57:27,1287.3600000000001,44,Customer 44,2023-11-25 18:37:47,1,Item 1 for Order 90,Misc,114.77,2,False,229.54,0.10857267188859879
90,2024-12-15 05:57:27,1287.3600000000001,44,Customer 44,2023-11-25 18:37:47,2,Item 2 for Order 90,Misc,178.6,1,False,178.6,0.0844779959889507
90,2024-12-15 05:57:27,1287.3600000000001,44,Customer 44,2023-11-25 18:37:47,3,Item 3 for Order 90,Misc,115.55,2,False,231.1,0.10931055360048436
90,2024-12-15 05:57:27,1287.3600000000001,44,Customer 44,2023-11-25 18:37:47,4,Item 4 for Order 90,Misc,216.04,3,False,648.12,0.30656147122261324
90,2024-12-15 05:57:27,1287.3600000000001,44,Customer 44,2023-11-25 18:37:47,5,Item 5 for Order 90,Misc,413.4,2,False,826.8,0.3910773072993529
91,,4336.0,45,Customer 45,2024-04-09 18:08:49,1,Item 1 for Order 91,Misc,278.99,5,False,1394.95,0.3217135608856089
91,,4336.0,45,Customer 45,2024-04-09 18:08:49,2,Item 2 for Order 91,Misc,54.36,5,False,271.8,0.06268450184501845
91,,4336.0,45,Customer 45,2024-04-09 18:08:49,3,Item 3 for Order 91,Misc,378.45,5,False,1892.25,0.43640452029520294
91,,4336.0,45,Customer 45,2024-04-09 18:08:49,4,Item 4 for Order 91,Misc,259.0,3,False,777.0,0.17919741697416974
93,2024-02-18 16:59:47,132.21,48,Customer 48,2022-04-22 20:22:30,1,Item 1 for Order 93,Misc,132.21,1,False,132.21,1.0
94,2024-02-05 19:47:12,2711.07,49,Customer 49,2022-06-04 23:35:47,1,Item 1 for Order 94,Misc,362.76,5,False,1813.8,0.6690347353627903
94,2024-02-05 19:47:12,2711.07,49,Customer 49,2022-06-04 23:35:47,2,Item 2 for Order 94,Misc,237.54,1,False,237.54,0.08761854175657582
94,2024-02-05 19:47:12,2711.07,49,Customer 49,2022-06-04 23:35:47,3,Item 3 for Order 94,Misc,219.91,3,False,659.73,0.2433467228806339
95,2024-05-18 21:27:32,4171.69,49,Customer 49,2022-06-04 23:35:47,1,Item 1 for Order 95,Misc,177.56,2,False,355.12,0.08512617188717284
95,2024-05-18 21:27:32,4171.69,49,Customer 49,2022-06-04 23:35:47,2,Item 2 for Order 95,Misc,499.78,5,False,2498.8999999999996,0.5990138289278446
95,2024-05-18 21:27:32,4171.69,49,Customer 49,2022-06-04 23:35:47,3,Item 3 for Order 95,Misc,377.47,1,False,377.47,0.09048371283580517
95,2024-05-18 21:27:32,4171.69,49,Customer 49,2022-06-04 23:35:47,4,Item 4 for Order 95,Misc,235.05,4,False,940.2,0.22537628634917747
96,2022-11-10 15:46:18,3689.49,49,Customer 49,2022-06-04 23:35:47,1,Item 1 for Order 96,Misc,87.65,4,False,350.6,0.09502668390482155
96,2022-11-10 15:46:18,3689.49,49,Customer 49,2022-06-04 23:35:47,2,Item 2 for Order 96,Misc,353.45,1,False,353.45,0.09579914839178315
96,2022-11-10 15:46:18,3689.49,49,Customer 49,2022-06-04 23:35:47,3,Item 3 for Order 96,Misc,383.1,4,False,1532.4,0.41534195783157024
96,2022-11-10 15:46:18,3689.49,49,Customer 49,2022-06-04 23:35:47,4,Item 4 for Order 96,Misc,113.72,1,False,113.72,0.03082268823062266
96,2022-11-10 15:46:18,3689.49,49,Customer 49,2022-06-04 23:35:47,5,Item 5 for Order 96,Misc,334.83,4,False,1339.32,0.3630095216412024
97,2023-03-13 16:14:22,4253.150000000001,50,Customer 50,2022-02-10 22:54:25,1,Item 1 for Order 97,Misc,297.3,5,False,1486.5,0.3495056605104452
97,2023-03-13 16:14:22,4253.150000000001,50,Customer 50,2022-02-10 22:54:25,2,Item 2 for Order 97,Misc,331.61,5,False,1658.0500000000002,0.3898404711801841
97,2023-03-13 16:14:22,4253.150000000001,50,Customer 50,2022-02-10 22:54:25,3,Item 3 for Order 97,Misc,91.2,5,False,456.0,0.10721465266919811
97,2023-03-13 16:14:22,4253.150000000001,50,Customer 50,2022-02-10 22:54:25,4,Item 4 for Order 97,Misc,163.15,4,False,652.6,0.15343921564017257
98,2022-06-17 10:51:19,1296.77,50,Customer 50,2022-02-10 22:54:25,1,Item 1 for Order 98,Misc,412.42,2,False,824.84,0.6360727037176986
98,2022-06-17 10:51:19,1296.77,50,Customer 50,2022-02-10 22:54:25,2,Item 2 for Order 98,Misc,471.93,1,False,471.93,0.3639272962823014
99,2022-02-11 14:16:49,798.5,50,Customer 50,2022-02-10 22:54:25,1,Item 1 for Order 99,Misc,160.34,2,False,320.68,0.4016030056355667
99,2022-02-11 14:16:49,798.5,50,Customer 50,2022-02-10 22:54:25,2,Item 2 for Order 99,Misc,477.82,1,False,477.82,0.5983969943644333
